<?xml version="1.1" encoding="UTF-8"?>
<expression:EMFExpression xmi:version="2.0" xmlns:xmi="http://www.omg.org/XMI" xmlns:expression="http:///expression.ecore" id="tMap_1=>" expression="">
  <variables name="row1.millis" value="null" talendType="id_Integer" nullable="true"/>
  <variables name="row1.stamp" value="null" talendType="id_String" nullable="true"/>
  <variables name="row1.datetime" value="null" talendType="id_String" nullable="true"/>
  <variables name="row1.hum" value="null" talendType="id_Double" nullable="true"/>
  <variables name="row2.millis" value="null" talendType="id_Integer" nullable="true"/>
  <variables name="row2.stamp" value="null" talendType="id_String" nullable="true"/>
  <variables name="row2.datetime" value="null" talendType="id_String" nullable="true"/>
  <variables name="row2.temp" value="null" talendType="id_Double" nullable="true"/>
</expression:EMFExpression>
